{
    "Nomi": {
        "Nomi": {
            "mean_fit": {
                "mean_mu": [
                    5.103618015973612,
                    0.027520518644880188
                ],
                "mean_el": [
                    5.093830214781925,
                    0.021398590274313175
                ]
            },
            "sigmaG_fit": {
                "sigmaG_mu": [
                    0.1238255884905435,
                    0.016303738396877217
                ],
                "sigmaG_el": [
                    0.1159819071653061,
                    0.013484369494059782
                ]
            }
        }
    },
    "bWeight_hf": {
        "Up": {
            "mean_fit": {
                "mean_mu": [
                    5.103606268055834,
                    0.0018560359389932374
                ],
                "mean_el": [
                    5.0938042513504,
                    0.00143367222942211
                ]
            },
            "sigmaG_fit": {
                "sigmaG_mu": [
                    0.12381549324376466,
                    0.0013085016408099098
                ],
                "sigmaG_el": [
                    0.11595232296586952,
                    0.0013129189355014113
                ]
            }
        },
        "Down": {
            "mean_fit": {
                "mean_mu": [
                    5.103634084858361,
                    0.0018525386709516676
                ],
                "mean_el": [
                    5.093864999985635,
                    0.0014340068814760007
                ]
            },
            "sigmaG_fit": {
                "sigmaG_mu": [
                    0.12383043142152782,
                    0.0013062113413886069
                ],
                "sigmaG_el": [
                    0.11600793737471006,
                    0.0013134075051906711
                ]
            }
        }
    },
    "bWeight_lf": {
        "Up": {
            "mean_fit": {
                "mean_mu": [
                    5.103561200248179,
                    0.0018217786890468123
                ],
                "mean_el": [
                    5.093780337463997,
                    0.0014146802302161825
                ]
            },
            "sigmaG_fit": {
                "sigmaG_mu": [
                    0.1238323426547957,
                    0.0012851078139916438
                ],
                "sigmaG_el": [
                    0.11600539194799091,
                    0.0012946627444187602
                ]
            }
        },
        "Down": {
            "mean_fit": {
                "mean_mu": [
                    5.103688171691278,
                    0.0018941011003518128
                ],
                "mean_el": [
                    5.093918557740549,
                    0.0014589079334662578
                ]
            },
            "sigmaG_fit": {
                "sigmaG_mu": [
                    0.12379341563872584,
                    0.0013390436398717153
                ],
                "sigmaG_el": [
                    0.11594418682817138,
                    0.0013376310445794848
                ]
            }
        }
    },
    "bWeight_cferr1": {
        "Up": {
            "mean_fit": {
                "mean_mu": [
                    5.103639539075645,
                    0.0018400396491479382
                ],
                "mean_el": [
                    5.093831163072186,
                    0.00142685123818116
                ]
            },
            "sigmaG_fit": {
                "sigmaG_mu": [
                    0.12387465380873383,
                    0.0012987146347152908
                ],
                "sigmaG_el": [
                    0.11600807223447064,
                    0.0013074698350368436
                ]
            }
        },
        "Down": {
            "mean_fit": {
                "mean_mu": [
                    5.103596739511852,
                    0.0018661151636985512
                ],
                "mean_el": [
                    5.093828667540153,
                    0.001439446221912861
                ]
            },
            "sigmaG_fit": {
                "sigmaG_mu": [
                    0.12377508097342446,
                    0.0013144883815277711
                ],
                "sigmaG_el": [
                    0.11595320226202038,
                    0.0013182016218171305
                ]
            }
        }
    },
    "bWeight_cferr2": {
        "Up": {
            "mean_fit": {
                "mean_mu": [
                    5.10362914572402,
                    0.0018460759481888729
                ],
                "mean_el": [
                    5.093831892379682,
                    0.00142971750916917
                ]
            },
            "sigmaG_fit": {
                "sigmaG_mu": [
                    0.123849623805199,
                    0.0013024038468072872
                ],
                "sigmaG_el": [
                    0.11599604302856842,
                    0.0013098081099548599
                ]
            }
        },
        "Down": {
            "mean_fit": {
                "mean_mu": [
                    5.103607471990643,
                    0.0018596763086344483
                ],
                "mean_el": [
                    5.0938280414787656,
                    0.0014362453932317974
                ]
            },
            "sigmaG_fit": {
                "sigmaG_mu": [
                    0.12380165887149684,
                    0.0013104842455060608
                ],
                "sigmaG_el": [
                    0.11596646059692917,
                    0.001315483034062341
                ]
            }
        }
    }
}