{
    "Nomi": {
        "Nomi": {
            "mean_fit": {
                "mean_mu": [
                    5.10233429918279,
                    0.023147115656118367
                ],
                "mean_el": [
                    5.097163816735526,
                    0.02127113537321659
                ]
            },
            "sigmaG_fit": {
                "sigmaG_mu": [
                    0.12300248868192594,
                    0.01312666793432973
                ],
                "sigmaG_el": [
                    0.11733995254310901,
                    0.01288327529849516
                ]
            }
        }
    },
    "bWeight_lf": {
        "Up": {
            "mean_fit": {
                "mean_mu": [
                    5.102301768590013,
                    0.001425345338087772
                ],
                "mean_el": [
                    5.097169876253844,
                    0.0014754779640377119
                ]
            },
            "sigmaG_fit": {
                "sigmaG_mu": [
                    0.12301757706302892,
                    0.0009915179148691665
                ],
                "sigmaG_el": [
                    0.11739565956349066,
                    0.0011598699284535855
                ]
            }
        },
        "Down": {
            "mean_fit": {
                "mean_mu": [
                    5.102409013888287,
                    0.0014690625594087992
                ],
                "mean_el": [
                    5.097177691210389,
                    0.0015113674378597819
                ]
            },
            "sigmaG_fit": {
                "sigmaG_mu": [
                    0.12297992515705691,
                    0.0010260144029995857
                ],
                "sigmaG_el": [
                    0.11725704937714829,
                    0.0011943497188824934
                ]
            }
        }
    },
    "bWeight_hf": {
        "Up": {
            "mean_fit": {
                "mean_mu": [
                    5.102313930811712,
                    0.0014456976952948789
                ],
                "mean_el": [
                    5.097174253788734,
                    0.001492045100653153
                ]
            },
            "sigmaG_fit": {
                "sigmaG_mu": [
                    0.12297965679941901,
                    0.001007597349020859
                ],
                "sigmaG_el": [
                    0.11733755901064878,
                    0.0011756421946135973
                ]
            }
        },
        "Down": {
            "mean_fit": {
                "mean_mu": [
                    5.102359222986465,
                    0.0014440048124387118
                ],
                "mean_el": [
                    5.097151453053082,
                    0.0014907689944838516
                ]
            },
            "sigmaG_fit": {
                "sigmaG_mu": [
                    0.12302217591526787,
                    0.0010059054166284534
                ],
                "sigmaG_el": [
                    0.11733289404421147,
                    0.0011743481496324897
                ]
            }
        }
    },
    "bWeight_cferr1": {
        "Up": {
            "mean_fit": {
                "mean_mu": [
                    5.102378107136682,
                    0.0014355332413172725
                ],
                "mean_el": [
                    5.09714708987084,
                    0.0014851434277909524
                ]
            },
            "sigmaG_fit": {
                "sigmaG_mu": [
                    0.1230519618323525,
                    0.001000110251198839
                ],
                "sigmaG_el": [
                    0.11737759025581375,
                    0.0011734570627834461
                ]
            }
        },
        "Down": {
            "mean_fit": {
                "mean_mu": [
                    5.102288945251499,
                    0.0014535934169744504
                ],
                "mean_el": [
                    5.097226828472341,
                    0.0015007792560627956
                ]
            },
            "sigmaG_fit": {
                "sigmaG_mu": [
                    0.12295149492786056,
                    0.001013041661873162
                ],
                "sigmaG_el": [
                    0.11733803192027566,
                    0.0011819463787715182
                ]
            }
        }
    },
    "bWeight_cferr2": {
        "Up": {
            "mean_fit": {
                "mean_mu": [
                    5.102357387646218,
                    0.0014396790432606027
                ],
                "mean_el": [
                    5.097126332328465,
                    0.0014860877550364777
                ]
            },
            "sigmaG_fit": {
                "sigmaG_mu": [
                    0.12303024799724956,
                    0.0010029781508012184
                ],
                "sigmaG_el": [
                    0.11733689650797055,
                    0.0011709355098163704
                ]
            }
        },
        "Down": {
            "mean_fit": {
                "mean_mu": [
                    5.102310879013976,
                    0.0014487592721694413
                ],
                "mean_el": [
                    5.0972010894393165,
                    0.00149576607248849
                ]
            },
            "sigmaG_fit": {
                "sigmaG_mu": [
                    0.12297537827246881,
                    0.0010096188004169709
                ],
                "sigmaG_el": [
                    0.11734379094898952,
                    0.0011781810174878176
                ]
            }
        }
    },
    "bWeight_lfstats1": {
        "Up": {
            "mean_fit": {
                "mean_mu": [
                    5.102358370463241,
                    0.0014510941269962386
                ],
                "mean_el": [
                    5.097152707348146,
                    0.001496204267307261
                ]
            },
            "sigmaG_fit": {
                "sigmaG_mu": [
                    0.12299366978129778,
                    0.0010110906109179138
                ],
                "sigmaG_el": [
                    0.117300547872567,
                    0.001179464602178719
                ]
            }
        },
        "Down": {
            "mean_fit": {
                "mean_mu": [
                    5.1023094626255325,
                    0.0014373175119411794
                ],
                "mean_el": [
                    5.097174331670768,
                    0.0014855176929589175
                ]
            },
            "sigmaG_fit": {
                "sigmaG_mu": [
                    0.1230108598305843,
                    0.001001437397513058
                ],
                "sigmaG_el": [
                    0.11737868546730143,
                    0.001169491841380546
                ]
            }
        }
    },
    "bWeight_lfstats2": {
        "Up": {
            "mean_fit": {
                "mean_mu": [
                    5.102348120139859,
                    0.0014496802122000896
                ],
                "mean_el": [
                    5.097159880955075,
                    0.0014950902467925856
                ]
            },
            "sigmaG_fit": {
                "sigmaG_mu": [
                    0.12299146118651591,
                    0.0010101155460852096
                ],
                "sigmaG_el": [
                    0.1173113536401867,
                    0.0011784025041872953
                ]
            }
        },
        "Down": {
            "mean_fit": {
                "mean_mu": [
                    5.1023201671712615,
                    0.0014386768083885875
                ],